<?xml version="1.0" encoding="UTF-8"?>
<project-private xmlns="http://www.netbeans.org/ns/project-private/1">
    <editor-bookmarks xmlns="http://www.netbeans.org/ns/editor-bookmarks/2" lastBookmarkId="0"/>
    <open-files xmlns="http://www.netbeans.org/ns/projectui-open-files/2">
        <group>
            <file>file:/D:/DATASON/data%20son/VS%20Code/CuaHangAnNhanh/src/CH/controller/HoaDonController.java</file>
            <file>file:/D:/DATASON/data%20son/VS%20Code/CuaHangAnNhanh/src/CH/controller/KhachHangController.java</file>
            <file>file:/D:/DATASON/data%20son/VS%20Code/CuaHangAnNhanh/src/CH/controller/NhanVienController.java</file>
            <file>file:/D:/DATASON/data%20son/VS%20Code/CuaHangAnNhanh/src/CH/dao/DBConnection.java</file>
            <file>file:/D:/DATASON/data%20son/VS%20Code/CuaHangAnNhanh/src/CH/dao/HoaDonDAO.java</file>
            <file>file:/D:/DATASON/data%20son/VS%20Code/CuaHangAnNhanh/src/CH/dao/KhachHangDAO.java</file>
            <file>file:/D:/DATASON/data%20son/VS%20Code/CuaHangAnNhanh/src/CH/dao/NhanVienDAO.java</file>
            <file>file:/D:/DATASON/data%20son/VS%20Code/CuaHangAnNhanh/src/CH/main/Main.java</file>
            <file>file:/D:/DATASON/data%20son/VS%20Code/CuaHangAnNhanh/src/CH/model/ChiTietHoaDon.java</file>
            <file>file:/D:/DATASON/data%20son/VS%20Code/CuaHangAnNhanh/src/CH/model/HoaDon.java</file>
            <file>file:/D:/DATASON/data%20son/VS%20Code/CuaHangAnNhanh/src/CH/model/KhachHang.java</file>
            <file>file:/D:/DATASON/data%20son/VS%20Code/CuaHangAnNhanh/src/CH/model/NhanVien.java</file>
            <file>file:/D:/DATASON/data%20son/VS%20Code/CuaHangAnNhanh/src/CH/view/ChiTietHoaDonView.java</file>
            <file>file:/D:/DATASON/data%20son/VS%20Code/CuaHangAnNhanh/src/CH/view/HoaDonView.java</file>
            <file>file:/D:/DATASON/data%20son/VS%20Code/CuaHangAnNhanh/src/CH/view/KhachHangView.java</file>
            <file>file:/D:/DATASON/data%20son/VS%20Code/CuaHangAnNhanh/src/CH/view/MainView.java</file>
            <file>file:/D:/DATASON/data%20son/VS%20Code/CuaHangAnNhanh/src/CH/view/NhanVienView.java</file>
            <file>file:/D:/DATASON/data%20son/VS%20Code/CuaHangAnNhanh/src/CH/view/DatMonView.java</file>
            <file>file:/D:/DATASON/data%20son/VS%20Code/CuaHangAnNhanh/src/CH/model/DatMon.java</file>
        </group>
    </open-files>
</project-private>
